City_ID,City,Country,Lat,Lng,Max Temp,Humidity,Cloudiness,Wind Speed,Current Description,Date
0,Dikson,RU,73.5069,80.5464,37.31,99,100,12.08,overcast clouds,2021-07-28 03:28:56
1,Gornopravdinsk,RU,60.05,69.9,57.13,54,10,5.35,clear sky,2021-07-28 03:30:57
2,Cape Town,ZA,-33.9258,18.4232,50.41,86,20,2.3,few clouds,2021-07-28 03:27:50
3,Hasaki,JP,35.7333,140.8333,91.29,79,100,21.63,overcast clouds,2021-07-28 03:28:53
4,Bredasdorp,ZA,-34.5322,20.0403,52.92,66,100,8.05,overcast clouds,2021-07-28 03:30:58
5,Lebu,CL,-37.6167,-73.65,45.07,81,0,19.69,clear sky,2021-07-28 03:28:48
6,Tuktoyaktuk,CA,69.4541,-133.0374,51.8,71,75,9.22,light rain,2021-07-28 03:30:59
7,Punta Arenas,CL,-53.15,-70.9167,44.71,81,75,18.41,broken clouds,2021-07-28 03:30:40
8,Vetluga,RU,57.8557,45.781,58.93,58,21,3.62,few clouds,2021-07-28 03:31:00
9,Ushuaia,AR,-54.8,-68.3,38.86,93,75,3.44,light rain,2021-07-28 03:26:53
10,Luebo,CD,-5.35,21.4167,61.14,35,6,2.42,clear sky,2021-07-28 03:31:01
11,Tuatapere,NZ,-46.1333,167.6833,52.83,74,65,1.79,broken clouds,2021-07-28 03:31:01
12,Bagan,RU,54.1001,77.6646,63.77,53,64,8.3,broken clouds,2021-07-28 03:31:02
13,Rikitea,PF,-23.1203,-134.9692,74.52,79,100,14.63,overcast clouds,2021-07-28 03:31:02
14,Novyye Lyady,RU,58.0536,56.6039,51.04,89,100,5.28,overcast clouds,2021-07-28 03:31:02
15,Victoria,HK,22.2855,114.1577,92.03,79,99,7.0,overcast clouds,2021-07-28 03:27:51
16,Albany,US,42.6001,-73.9662,67.39,93,100,3.0,overcast clouds,2021-07-28 03:29:19
17,Bethel,US,41.3712,-73.414,74.77,87,90,1.01,overcast clouds,2021-07-28 03:31:03
18,Touros,BR,-5.1989,-35.4608,74.3,89,12,11.18,few clouds,2021-07-28 03:30:36
19,Kapaa,US,22.0752,-159.319,82.72,70,40,4.0,light rain,2021-07-28 03:31:04
20,Visby,SE,57.6409,18.296,63.77,100,90,3.44,overcast clouds,2021-07-28 03:31:04
21,Horta,PT,38.5333,-28.6333,71.2,85,55,7.9,broken clouds,2021-07-28 03:31:04
22,Biak,ID,-0.9131,122.8766,83.37,68,79,5.93,broken clouds,2021-07-28 03:31:05
23,Kahului,US,20.8947,-156.47,81.66,79,40,21.85,scattered clouds,2021-07-28 03:31:05
24,Kloulklubed,PW,7.0419,134.2556,81.1,77,89,12.1,overcast clouds,2021-07-28 03:31:05
25,Jamestown,US,42.097,-79.2353,69.39,86,1,3.0,clear sky,2021-07-28 03:26:47
26,Sosnovo-Ozerskoye,RU,52.5249,111.5418,67.66,66,72,10.69,light rain,2021-07-28 03:31:06
27,Tara,RU,56.8944,74.371,64.13,67,90,7.49,overcast clouds,2021-07-28 03:31:06
28,Tual,ID,-5.6667,132.75,80.98,82,99,12.8,overcast clouds,2021-07-28 03:31:07
29,Saskylakh,RU,71.9167,114.0833,68.65,35,14,19.48,few clouds,2021-07-28 03:31:07
30,Bluff,NZ,-46.6,168.3333,52.81,72,36,3.06,scattered clouds,2021-07-28 03:31:08
31,New Norfolk,AU,-42.7826,147.0587,55.92,58,47,5.99,light rain,2021-07-28 03:31:08
32,Brewster,US,41.3973,-73.6171,75.0,89,90,1.01,overcast clouds,2021-07-28 03:31:08
33,Vestmannaeyjar,IS,63.4427,-20.2734,53.13,84,33,2.91,scattered clouds,2021-07-28 03:29:40
34,Ponta Do Sol,PT,32.6667,-17.1,72.23,80,4,4.0,clear sky,2021-07-28 03:31:09
35,Hobart,AU,-42.8794,147.3294,56.26,57,75,4.0,light rain,2021-07-28 03:28:44
36,Samarai,PG,-10.6167,150.6667,79.18,86,89,13.02,moderate rain,2021-07-28 03:31:09
37,Gat,IL,31.61,34.7642,77.68,100,0,3.02,clear sky,2021-07-28 03:31:10
38,Henties Bay,NA,-22.116,14.2845,54.86,80,0,6.24,clear sky,2021-07-28 03:31:10
39,Arraial Do Cabo,BR,-22.9661,-42.0278,70.09,82,0,17.38,clear sky,2021-07-28 03:30:09
40,Port Elizabeth,ZA,-33.918,25.5701,57.49,88,0,17.27,clear sky,2021-07-28 03:29:24
41,Airai,TL,-8.9266,125.4092,76.75,36,74,5.35,broken clouds,2021-07-28 03:31:11
42,Sao Joaquim,BR,-28.2939,-49.9317,25.95,85,68,7.58,broken clouds,2021-07-28 03:31:11
43,Ostrovnoy,RU,68.0531,39.5131,45.95,95,100,5.91,overcast clouds,2021-07-28 03:31:11
44,Awjilah,LY,29.1081,21.2869,78.48,48,0,5.84,clear sky,2021-07-28 03:31:12
45,Sitka,US,57.0531,-135.33,60.69,77,75,4.61,broken clouds,2021-07-28 03:31:12
46,Thompson,CA,55.7435,-97.8558,60.96,77,75,0.0,broken clouds,2021-07-28 03:31:13
47,Shenjiamen,CN,29.9576,122.298,80.49,88,98,16.44,overcast clouds,2021-07-28 03:30:26
48,Kaitangata,NZ,-46.2817,169.8464,52.93,61,62,1.07,broken clouds,2021-07-28 03:31:13
49,Lorengau,PG,-2.0226,147.2712,84.99,71,8,6.06,clear sky,2021-07-28 03:31:13
50,Chuy,UY,-33.6971,-53.4616,43.77,78,60,15.05,broken clouds,2021-07-28 03:31:14
51,Constitucion,CL,-35.3333,-72.4167,44.22,79,0,6.4,clear sky,2021-07-28 03:31:14
52,Imeni Poliny Osipenko,RU,52.4201,136.4853,79.86,67,100,5.03,overcast clouds,2021-07-28 03:31:14
53,Sola,VU,-13.8833,167.55,81.27,78,90,6.91,overcast clouds,2021-07-28 03:31:15
54,Tura,IN,25.5198,90.2201,82.74,80,97,5.66,overcast clouds,2021-07-28 03:31:15
55,Westport,US,41.1415,-73.3579,78.98,79,40,1.99,scattered clouds,2021-07-28 03:31:16
56,Yurga,RU,55.7231,84.8861,64.99,56,41,3.02,scattered clouds,2021-07-28 03:31:16
57,Busselton,AU,-33.65,115.3333,60.04,69,54,19.71,broken clouds,2021-07-28 03:31:16
58,Mirandela,PT,41.4874,-7.187,60.24,78,0,4.38,clear sky,2021-07-28 03:31:17
59,Honiara,SB,-9.4333,159.95,83.57,75,96,8.79,overcast clouds,2021-07-28 03:31:17
60,Saint-Philippe,RE,-21.3585,55.7679,65.79,88,89,12.86,light rain,2021-07-28 03:29:31
61,Pemberton,CA,50.3164,-122.8027,75.06,55,4,5.08,clear sky,2021-07-28 03:31:17
62,Atuona,PF,-9.8,-139.0333,77.95,70,4,18.03,clear sky,2021-07-28 03:31:18
63,Puerto Ayora,EC,-0.7393,-90.3518,71.24,85,19,9.4,few clouds,2021-07-28 03:31:18
64,Bonthe,SL,7.5264,-12.505,76.51,85,100,9.35,overcast clouds,2021-07-28 03:31:18
65,Xai-Xai,MZ,-25.0519,33.6442,56.71,84,0,6.69,clear sky,2021-07-28 03:31:19
66,Tilichiki,RU,60.4667,166.1,59.81,57,92,16.96,overcast clouds,2021-07-28 03:31:19
67,Tiksi,RU,71.6872,128.8694,41.79,79,12,14.34,few clouds,2021-07-28 03:30:13
68,Talavera,PH,15.6167,120.9333,86.54,74,100,9.1,heavy intensity rain,2021-07-28 03:31:20
69,Bartica,GY,6.4,-58.6167,77.32,99,51,1.28,broken clouds,2021-07-28 03:31:20
70,Nome,US,64.5011,-165.4064,51.87,87,90,18.41,light rain,2021-07-28 03:31:20
71,Ishigaki,JP,24.3448,124.1572,87.93,84,75,12.66,broken clouds,2021-07-28 03:31:21
72,Mataura,NZ,-46.1927,168.8643,52.48,85,83,1.77,broken clouds,2021-07-28 03:31:21
73,Manokwari,ID,-0.8667,134.0833,84.42,71,95,8.63,overcast clouds,2021-07-28 03:31:21
74,Berlevag,NO,70.8578,29.0864,42.8,85,96,6.58,overcast clouds,2021-07-28 03:31:22
75,Kodiak,US,57.79,-152.4072,62.11,59,90,9.22,overcast clouds,2021-07-28 03:31:22
76,Vaini,TO,-21.2,-175.2,69.96,78,75,10.36,broken clouds,2021-07-28 03:28:55
77,Barrow,US,71.2906,-156.7887,42.82,91,90,19.57,mist,2021-07-28 03:28:50
78,Dayong,CN,25.0209,118.2898,92.88,46,12,3.42,light rain,2021-07-28 03:31:23
79,Planaltina,BR,-15.4528,-47.6142,61.09,44,6,0.49,clear sky,2021-07-28 03:31:23
80,Cabo San Lucas,MX,22.8909,-109.9124,87.1,74,7,7.0,clear sky,2021-07-28 03:27:48
81,Turtas,RU,58.9417,69.1325,58.03,63,41,2.51,scattered clouds,2021-07-28 03:31:24
82,Zhaodong,CN,46.0833,125.9833,82.42,54,95,9.82,overcast clouds,2021-07-28 03:31:24
83,Bardiyah,LY,31.7561,25.0865,77.09,66,0,8.48,clear sky,2021-07-28 03:31:24
84,Dawei,MM,14.0833,98.2,83.07,85,100,9.44,light rain,2021-07-28 03:31:25
85,Lompoc,US,34.6391,-120.4579,68.56,84,90,9.22,mist,2021-07-28 03:31:25
86,Poya,NC,-21.35,165.15,74.25,49,0,6.11,clear sky,2021-07-28 03:31:25
87,Labytnangi,RU,66.6572,66.4183,46.71,95,100,14.61,light rain,2021-07-28 03:31:26
88,Provideniya,RU,64.3833,-173.3,50.11,81,90,17.9,light intensity shower rain,2021-07-28 03:31:26
89,Fortuna,US,40.5982,-124.1573,74.48,92,40,0.0,scattered clouds,2021-07-28 03:31:27
90,Itarema,BR,-2.9248,-39.9167,77.31,84,19,13.44,few clouds,2021-07-28 03:31:27
91,Esperance,AU,-33.8667,121.9,58.84,49,4,18.95,clear sky,2021-07-28 03:31:27
92,Butaritari,KI,3.0707,172.7902,81.66,72,100,4.5,overcast clouds,2021-07-28 03:29:08
93,Jiayuguan,CN,39.8167,98.3,86.72,13,34,9.86,scattered clouds,2021-07-28 03:31:28
94,Poum,NC,-20.2333,164.0167,72.55,59,5,14.52,clear sky,2021-07-28 03:26:34
95,Ancud,CL,-41.8697,-73.8203,42.33,86,71,3.51,broken clouds,2021-07-28 03:30:00
96,Vostok,RU,46.4856,135.8833,87.76,54,73,0.87,broken clouds,2021-07-28 03:31:29
97,Tymovskoye,RU,50.8456,142.655,90.34,44,42,5.14,scattered clouds,2021-07-28 03:31:29
98,Belmonte,BR,-15.8631,-38.8828,70.3,86,7,6.49,clear sky,2021-07-28 03:31:29
99,Labuhan,ID,-6.8844,112.2051,86.76,54,5,3.18,clear sky,2021-07-28 03:31:30
100,Taldan,RU,53.6667,124.8,64.67,99,100,4.09,moderate rain,2021-07-28 03:31:30
101,Homer,US,59.6425,-151.5483,69.08,71,1,9.22,clear sky,2021-07-28 03:31:30
102,Asau,RO,46.4333,26.4,70.39,73,11,5.84,few clouds,2021-07-28 03:31:31
103,Hilo,US,19.7297,-155.09,80.33,83,40,9.22,moderate rain,2021-07-28 03:30:14
104,San Juan,AR,-31.5375,-68.5364,46.47,43,0,6.15,clear sky,2021-07-28 03:28:00
105,Geraldton,AU,-28.7667,114.6,66.61,68,40,8.05,scattered clouds,2021-07-28 03:31:31
106,Saint-Francois,FR,46.4154,3.9054,63.48,97,0,3.44,clear sky,2021-07-28 03:31:32
107,Noumea,NC,-22.2763,166.4572,77.0,97,11,14.61,few clouds,2021-07-28 03:31:32
108,Pasighat,IN,28.0667,95.3333,90.84,64,55,3.47,broken clouds,2021-07-28 03:31:32
109,Neuquen,AR,-38.9516,-68.0591,33.69,75,0,0.0,clear sky,2021-07-28 03:26:36
110,Nilanga,IN,18.1,76.7667,76.42,74,100,20.2,overcast clouds,2021-07-28 03:31:33
111,Zeya,RU,53.75,127.2667,69.57,95,92,2.51,light rain,2021-07-28 03:31:33
112,Port Macquarie,AU,-31.4333,152.9167,77.9,39,2,9.75,clear sky,2021-07-28 03:29:33
113,Verkhnevilyuysk,RU,63.4453,120.3167,78.39,44,21,7.05,few clouds,2021-07-28 03:31:34
114,Batagay,RU,67.6333,134.6333,62.22,36,5,9.24,clear sky,2021-07-28 03:31:34
115,Smolenka,RU,52.1352,113.4974,69.87,73,40,2.24,moderate rain,2021-07-28 03:31:35
116,Quincy,US,42.2529,-71.0023,69.35,95,1,1.01,mist,2021-07-28 03:31:35
117,Dabola,GN,10.75,-11.1167,71.56,96,100,3.8,overcast clouds,2021-07-28 03:31:35
118,Palmer,US,42.1584,-72.3287,67.48,86,40,0.0,scattered clouds,2021-07-28 03:31:36
119,Port Alfred,ZA,-33.5906,26.891,59.56,84,8,14.18,clear sky,2021-07-28 03:31:36
120,Qaanaaq,GL,77.484,-69.3632,42.28,91,98,5.75,overcast clouds,2021-07-28 03:29:43
121,Cockburn Town,TC,21.4612,-71.1419,81.66,76,29,17.76,scattered clouds,2021-07-28 03:31:37
122,Tasiilaq,GL,65.6145,-37.6368,37.56,79,22,7.31,few clouds,2021-07-28 03:29:53
123,Hermanus,ZA,-34.4187,19.2345,51.91,66,99,12.21,overcast clouds,2021-07-28 03:28:51
124,Coihaique,CL,-45.5752,-72.0662,35.55,80,0,4.61,clear sky,2021-07-28 03:31:37
125,Tromso,NO,69.6496,18.957,50.65,100,90,9.22,overcast clouds,2021-07-28 03:31:38
126,Padang,ID,-0.9492,100.3543,84.02,71,86,3.31,overcast clouds,2021-07-28 03:28:28
127,Necochea,AR,-38.5473,-58.7368,44.04,68,100,22.95,light rain,2021-07-28 03:31:38
128,Nikolskoye,RU,59.7035,30.7861,67.8,68,100,4.79,overcast clouds,2021-07-28 03:29:31
129,Anadyr,RU,64.75,177.4833,48.7,100,75,24.0,moderate rain,2021-07-28 03:31:39
130,Coquimbo,CL,-29.9533,-71.3436,47.93,93,0,5.75,clear sky,2021-07-28 03:31:39
131,Katsuura,JP,35.1333,140.3,87.91,73,100,18.1,moderate rain,2021-07-28 03:31:39
132,Nuuk,GL,64.1835,-51.7216,50.61,66,17,16.11,few clouds,2021-07-28 03:31:40
133,San Patricio,US,28.017,-97.5169,84.83,70,15,7.36,few clouds,2021-07-28 03:31:40
134,Shahi,IN,28.55,79.3167,85.3,77,99,10.16,overcast clouds,2021-07-28 03:31:41
135,Valverde Del Camino,ES,37.5751,-6.7543,71.44,48,0,4.43,clear sky,2021-07-28 03:31:41
136,Ilulissat,GL,69.2167,-51.1,53.62,62,100,9.22,overcast clouds,2021-07-28 03:31:41
137,Aksu,CN,41.1231,80.2644,94.5,20,93,5.75,overcast clouds,2021-07-28 03:31:06
138,Teguldet,RU,57.3064,88.1667,64.8,54,92,2.3,overcast clouds,2021-07-28 03:31:42
139,Evensk,RU,61.95,159.2333,60.78,46,69,19.04,broken clouds,2021-07-28 03:31:42
140,Kavieng,PG,-2.5744,150.7967,84.09,73,13,7.09,light rain,2021-07-28 03:29:09
141,Kinablangan,PH,7.6947,126.5503,88.34,67,73,8.95,broken clouds,2021-07-28 03:31:43
142,Cayenne,GF,4.9333,-52.3333,81.09,80,0,1.99,clear sky,2021-07-28 03:31:43
143,Lipari,IT,38.4674,14.954,81.09,71,0,4.0,clear sky,2021-07-28 03:31:44
144,Xinqing,CN,48.2333,129.5,88.27,47,64,8.46,light rain,2021-07-28 03:31:44
145,Luderitz,NA,-26.6481,15.1594,54.27,73,0,10.96,clear sky,2021-07-28 03:31:44
146,Nemuro,JP,43.3236,145.575,86.43,88,24,10.13,few clouds,2021-07-28 03:29:05
147,Moyale,KE,3.5167,39.0584,61.84,73,96,11.23,overcast clouds,2021-07-28 03:31:45
148,Kalmunai,LK,7.4167,81.8167,87.13,57,100,3.6,overcast clouds,2021-07-28 03:31:45
149,Carnarvon,AU,-24.8667,113.6333,69.87,54,90,10.36,overcast clouds,2021-07-28 03:31:45
150,Isperih,BG,43.7167,26.8333,70.99,46,0,6.49,clear sky,2021-07-28 03:31:46
151,Te Anau,NZ,-45.4167,167.7167,51.4,75,91,3.38,overcast clouds,2021-07-28 03:31:46
152,Musoma,TZ,-1.5,33.8,68.86,63,91,4.07,overcast clouds,2021-07-28 03:31:47
153,Avarua,CK,-21.2078,-159.775,77.05,65,21,4.61,few clouds,2021-07-28 03:29:05
154,Bhadasar,IN,28.2833,74.3167,84.7,70,100,12.03,overcast clouds,2021-07-28 03:31:47
155,Vardo,NO,70.3705,31.1107,46.6,85,95,13.58,overcast clouds,2021-07-28 03:31:47
156,Hokitika,NZ,-42.7167,170.9667,52.79,87,100,4.27,overcast clouds,2021-07-28 03:31:48
157,Vazante,BR,-17.9869,-46.9078,63.68,42,3,0.54,clear sky,2021-07-28 03:31:48
158,Yumen,CN,40.2833,97.2,88.02,13,0,8.46,clear sky,2021-07-28 03:31:49
159,Hithadhoo,MV,-0.6,73.0833,80.74,78,61,9.01,broken clouds,2021-07-28 03:29:07
160,Castro,BR,-24.7911,-50.0119,44.19,91,99,7.29,overcast clouds,2021-07-28 03:31:49
161,Ikongo,MG,-21.8833,47.4333,58.14,91,85,1.14,overcast clouds,2021-07-28 03:31:49
162,Namatanai,PG,-3.6667,152.4333,84.76,67,38,5.39,scattered clouds,2021-07-28 03:31:50
163,Norman Wells,CA,65.282,-126.8329,66.24,63,75,4.61,broken clouds,2021-07-28 03:30:02
164,Kibre Mengist,ET,5.8833,38.9833,57.45,88,100,2.64,overcast clouds,2021-07-28 03:31:50
165,Amnat Charoen,TH,15.9167,104.75,88.41,65,100,14.88,overcast clouds,2021-07-28 03:31:51
166,Ulladulla,AU,-35.35,150.4667,71.87,45,77,16.35,broken clouds,2021-07-28 03:31:51
167,Viedma,AR,-40.8135,-62.9967,44.22,68,85,16.04,overcast clouds,2021-07-28 03:31:51
168,Rawson,AR,-43.3002,-65.1023,41.25,67,23,11.23,few clouds,2021-07-28 03:27:06
169,Eureka,US,40.8021,-124.1637,59.13,76,100,1.01,overcast clouds,2021-07-28 03:31:52
170,Isangel,VU,-19.55,169.2667,78.91,53,40,11.5,scattered clouds,2021-07-28 03:30:58
171,Saint George,US,37.1041,-113.5841,91.63,33,1,7.0,clear sky,2021-07-28 03:31:39
172,Vaitape,PF,-16.5167,-151.75,77.4,76,70,7.92,light rain,2021-07-28 03:31:53
173,Bodo,NO,67.28,14.405,64.78,84,0,13.8,clear sky,2021-07-28 03:31:53
174,Alice Springs,AU,-23.7,133.8833,74.75,21,90,11.99,overcast clouds,2021-07-28 03:29:44
175,Uusikaupunki,FI,60.8004,21.4084,66.72,64,100,7.83,overcast clouds,2021-07-28 03:31:54
176,Charala,CO,6.2858,-73.1472,63.57,97,88,2.51,overcast clouds,2021-07-28 03:31:54
177,Torbay,CA,47.6666,-52.7314,66.97,96,90,16.11,overcast clouds,2021-07-28 03:31:54
178,Narsaq,GL,60.9167,-46.05,44.82,72,99,3.8,overcast clouds,2021-07-28 03:31:55
179,Pevek,RU,69.7008,170.3133,39.33,84,97,11.86,overcast clouds,2021-07-28 03:31:55
180,West Wendover,US,40.7391,-114.0733,87.01,30,1,3.44,clear sky,2021-07-28 03:31:55
181,Paracelis,PH,17.2667,121.4667,87.66,64,92,4.59,moderate rain,2021-07-28 03:31:56
182,Nanortalik,GL,60.1432,-45.2371,43.63,85,100,3.53,overcast clouds,2021-07-28 03:31:56
183,General Salgado,BR,-20.6483,-50.3606,58.33,75,17,9.1,few clouds,2021-07-28 03:31:57
184,Seoul,KR,37.5683,126.9778,93.61,50,40,3.44,scattered clouds,2021-07-28 03:28:39
185,Nouadhibou,MR,20.931,-17.0347,68.04,92,13,23.69,few clouds,2021-07-28 03:31:57
186,Brainerd,US,46.358,-94.2008,79.05,83,1,5.75,clear sky,2021-07-28 03:31:58
187,Derzhavinsk,KZ,51.1,66.3167,71.98,30,8,11.56,clear sky,2021-07-28 03:31:58
188,Meulaboh,ID,4.1363,96.1285,84.49,68,48,2.37,scattered clouds,2021-07-28 03:31:58
189,Mindelo,CV,16.8901,-24.9804,76.55,69,75,12.66,broken clouds,2021-07-28 03:31:59
190,Srednekolymsk,RU,67.45,153.6833,38.26,97,100,8.59,light rain,2021-07-28 03:31:59
191,Puerto Colombia,CO,10.9878,-74.9547,77.09,84,99,5.01,overcast clouds,2021-07-28 03:32:00
192,Bathsheba,BB,13.2167,-59.5167,81.21,78,20,17.27,few clouds,2021-07-28 03:31:30
193,Gizo,SB,-8.103,156.8419,83.52,71,88,6.17,light rain,2021-07-28 03:32:01
194,Kieta,PG,-6.2167,155.6333,83.55,72,94,4.45,light rain,2021-07-28 03:32:01
195,Rorvik,NO,64.8621,11.2373,62.64,66,96,10.65,overcast clouds,2021-07-28 03:32:02
196,Leningradskiy,RU,69.3833,178.4167,33.58,98,100,9.89,moderate rain,2021-07-28 03:30:08
197,Portland,US,45.5234,-122.6762,84.2,44,40,1.01,scattered clouds,2021-07-28 03:30:23
198,Mangrol,IN,21.1167,70.1167,82.26,84,100,22.82,overcast clouds,2021-07-28 03:32:02
199,Cabra,ES,37.4725,-4.4421,75.9,54,0,3.06,clear sky,2021-07-28 03:29:58
200,Matane,CA,48.8286,-67.522,59.85,1,71,12.03,broken clouds,2021-07-28 03:32:03
201,Gamba,GA,-2.65,10.0,72.45,86,98,1.61,overcast clouds,2021-07-28 03:32:03
202,Karlskrona,SE,56.1616,15.5866,61.25,91,40,6.31,scattered clouds,2021-07-28 03:32:04
203,Bintulu,MY,3.1667,113.0333,90.01,70,40,5.75,scattered clouds,2021-07-28 03:32:04
204,Astoria,US,46.1879,-123.8313,66.47,82,1,1.01,clear sky,2021-07-28 03:32:05
205,Bom Jesus,BR,-9.0744,-44.3586,68.32,56,18,2.01,few clouds,2021-07-28 03:32:05
206,College,US,64.8569,-147.8028,59.58,91,90,3.44,light rain,2021-07-28 03:32:05
207,Eirunepe,BR,-6.6603,-69.8736,75.31,78,79,0.81,broken clouds,2021-07-28 03:32:06
208,Qadian,IN,31.8178,75.3919,77.29,97,100,11.01,heavy intensity rain,2021-07-28 03:32:06
209,Sao Filipe,CV,14.8961,-24.4956,73.83,82,9,8.72,clear sky,2021-07-28 03:29:23
210,Yellowknife,CA,62.456,-114.3525,61.29,51,40,0.0,scattered clouds,2021-07-28 03:28:27
211,Taoudenni,ML,22.6783,-3.9836,95.92,14,68,9.78,broken clouds,2021-07-28 03:32:07
212,Okha,RU,53.5739,142.9478,68.83,89,100,2.68,overcast clouds,2021-07-28 03:32:07
213,Zarate,AR,-34.0981,-59.0286,46.11,65,69,9.86,broken clouds,2021-07-28 03:32:08
214,Camacha,PT,33.0833,-16.3333,68.76,78,75,9.22,broken clouds,2021-07-28 03:31:11
215,Tiznit,MA,29.5833,-9.5,68.83,68,1,1.45,clear sky,2021-07-28 03:32:08
216,East Hemet,US,33.74,-116.9389,93.52,52,50,1.01,scattered clouds,2021-07-28 03:31:27
217,Marang,MY,5.2056,103.2059,87.71,64,74,1.19,broken clouds,2021-07-28 03:32:09
218,Upernavik,GL,72.7868,-56.1549,49.1,75,98,8.81,overcast clouds,2021-07-28 03:29:09
219,Ust-Kuyga,RU,70.0167,135.6,56.05,46,5,14.52,clear sky,2021-07-28 03:29:25
220,Kabinda,CD,-6.1333,24.4833,59.52,45,37,4.23,scattered clouds,2021-07-28 03:32:09
221,Talaya,RU,61.3833,152.75,50.67,57,100,12.71,overcast clouds,2021-07-28 03:32:10
222,Ribeira Grande,PT,38.5167,-28.7,72.01,85,55,8.61,broken clouds,2021-07-28 03:29:28
223,Port Hawkesbury,CA,45.6169,-61.3485,65.7,97,1,2.3,mist,2021-07-28 03:32:10
224,Stony Plain,CA,53.5334,-114.0021,71.58,58,1,2.3,clear sky,2021-07-28 03:32:11
225,Asheville,US,35.6009,-82.554,73.17,93,20,5.75,few clouds,2021-07-28 03:29:07
226,Koutsouras,GR,35.0339,25.9469,79.36,57,0,13.94,clear sky,2021-07-28 03:32:12
227,Balad,IQ,34.0164,44.1453,94.6,18,0,13.22,clear sky,2021-07-28 03:32:12
228,Port-Gentil,GA,-0.7193,8.7815,75.31,80,45,9.06,scattered clouds,2021-07-28 03:32:12
229,Taiyuan,CN,37.8694,112.5603,76.86,65,20,11.18,few clouds,2021-07-28 03:31:12
230,Nalut,LY,30.3333,10.85,74.8,49,0,15.48,clear sky,2021-07-28 03:32:13
231,Broken Hill,AU,-31.95,141.4333,64.11,34,0,24.16,clear sky,2021-07-28 03:31:24
232,Luganville,VU,-15.5333,167.1667,78.51,81,83,13.89,broken clouds,2021-07-28 03:32:13
233,Atar,MR,20.5169,-13.0499,84.24,36,19,4.65,few clouds,2021-07-28 03:32:14
234,Tautira,PF,-17.7333,-149.15,78.82,70,79,7.87,broken clouds,2021-07-28 03:32:14
235,Mpika,ZM,-11.8343,31.4529,44.87,67,87,6.46,overcast clouds,2021-07-28 03:32:14
236,Zyryanka,RU,65.75,150.85,44.19,83,100,13.65,overcast clouds,2021-07-28 03:32:15
237,Hay River,CA,60.8156,-115.7999,64.38,59,40,3.44,scattered clouds,2021-07-28 03:30:05
238,Yonago,JP,35.4333,133.3333,85.93,62,40,4.61,scattered clouds,2021-07-28 03:32:15
239,Quatre Cocos,MU,-20.2078,57.7625,68.11,89,98,20.15,moderate rain,2021-07-28 03:32:16
240,Sokolo,ML,14.7328,-6.1219,82.18,70,99,8.12,overcast clouds,2021-07-28 03:32:16
241,Beatrice,US,40.2681,-96.747,84.0,83,1,0.0,clear sky,2021-07-28 03:32:16
242,Souillac,MU,-20.5167,57.5167,68.38,94,75,14.97,moderate rain,2021-07-28 03:32:17
243,Murindo,CO,6.9848,-76.7544,74.32,95,100,1.01,overcast clouds,2021-07-28 03:32:17
244,Tevaitoa,PF,-16.7833,-151.5,77.27,77,37,8.9,light rain,2021-07-28 03:32:18
245,Mount Darwin,ZW,-16.7725,31.5838,45.09,94,1,3.2,clear sky,2021-07-28 03:32:18
246,Namibe,AO,-15.1961,12.1522,64.11,82,0,5.77,clear sky,2021-07-28 03:32:18
247,Hangal,IN,14.7667,75.1333,74.39,79,96,16.46,overcast clouds,2021-07-28 03:32:19
248,Faanui,PF,-16.4833,-151.75,77.81,75,63,8.3,light rain,2021-07-28 03:29:55
249,Tayu,ID,-6.5397,111.0518,86.59,50,20,9.28,few clouds,2021-07-28 03:32:19
250,Tarbagatay,RU,51.4803,107.3602,74.73,46,20,4.83,few clouds,2021-07-28 03:32:19
251,Khatanga,RU,71.9667,102.5,87.49,35,9,18.14,clear sky,2021-07-28 03:32:20
252,Japura,ID,-0.3167,102.35,89.53,46,76,5.01,broken clouds,2021-07-28 03:32:20
253,Alofi,NU,-19.0595,-169.9187,75.09,88,75,5.75,light rain,2021-07-28 03:32:21
254,Luang Prabang,LA,19.8856,102.1347,85.96,70,75,4.61,broken clouds,2021-07-28 03:32:21
255,Half Moon Bay,US,37.4636,-122.4286,77.63,78,20,17.27,few clouds,2021-07-28 03:32:21
256,Auki,SB,-8.7676,160.7034,85.46,60,79,2.59,broken clouds,2021-07-28 03:32:22
257,Soyo,AO,-6.1349,12.3689,72.82,87,99,7.45,overcast clouds,2021-07-28 03:32:22
258,Antofagasta,CL,-23.65,-70.4,54.68,72,27,6.17,scattered clouds,2021-07-28 03:32:23
259,Tambopata,PE,-12.7333,-69.1833,67.95,95,49,6.44,scattered clouds,2021-07-28 03:32:23
260,Ambon,ID,-3.6954,128.1814,84.34,74,40,6.91,scattered clouds,2021-07-28 03:32:23
261,Deputatskiy,RU,69.3,139.9,42.66,71,99,4.83,overcast clouds,2021-07-28 03:32:24
262,Port Hardy,CA,50.6996,-127.4199,55.4,77,63,6.87,broken clouds,2021-07-28 03:30:05
263,Dubbo,AU,-32.25,148.6167,62.73,51,90,12.66,overcast clouds,2021-07-28 03:32:24
264,Panguna,PG,-6.3164,155.4848,77.31,77,86,3.11,light rain,2021-07-28 03:32:25
265,Bambous Virieux,MU,-20.3428,57.7575,68.25,94,75,14.97,moderate rain,2021-07-28 03:30:32
266,Kungurtug,RU,50.5994,97.5228,70.57,64,48,0.13,scattered clouds,2021-07-28 03:32:25
267,San Quintin,MX,30.4833,-115.95,69.46,85,1,10.04,clear sky,2021-07-28 03:32:25
268,Sao Joao Da Barra,BR,-21.6403,-41.0511,69.3,75,1,12.64,clear sky,2021-07-28 03:32:26
269,Cherskiy,RU,68.75,161.3,37.49,79,100,17.58,overcast clouds,2021-07-28 03:31:47
270,Abong Mbang,CM,3.9833,13.1833,65.66,98,98,3.02,overcast clouds,2021-07-28 03:32:26
271,Russell,US,32.3502,-85.1999,76.23,88,40,4.61,scattered clouds,2021-07-28 03:31:41
272,Saint-Joseph,RE,-21.3667,55.6167,64.78,86,59,17.13,light rain,2021-07-28 03:32:27
273,Lagoa,PT,39.05,-27.9833,69.57,91,79,7.67,broken clouds,2021-07-28 03:32:27
274,Halifax,CA,44.6453,-63.5724,66.47,93,89,8.01,overcast clouds,2021-07-28 03:32:04
275,Marystown,CA,47.1666,-55.1483,63.86,100,97,8.48,overcast clouds,2021-07-28 03:31:19
276,Antalaha,MG,-14.9003,50.2788,66.06,84,11,7.23,few clouds,2021-07-28 03:32:28
277,Fairbanks,US,64.8378,-147.7164,60.1,90,90,8.05,light rain,2021-07-28 03:30:00
278,Gilbues,BR,-9.8317,-45.3439,67.73,43,1,3.87,clear sky,2021-07-28 03:32:28
279,Vila Franca Do Campo,PT,37.7167,-25.4333,68.41,90,12,7.52,few clouds,2021-07-28 03:32:29
280,Galle,LK,6.0367,80.217,81.41,85,99,13.4,overcast clouds,2021-07-28 03:32:29
281,Jalu,LY,29.0331,21.5482,78.96,46,0,5.68,clear sky,2021-07-28 03:32:30
282,Kidal,ML,18.4411,1.4078,83.16,50,80,3.85,broken clouds,2021-07-28 03:32:30
283,Pisco,PE,-13.7,-76.2167,63.01,82,4,3.44,clear sky,2021-07-28 03:28:24
284,Kijang,KR,35.2442,129.2139,91.13,79,28,10.0,scattered clouds,2021-07-28 03:30:00
285,Kortkeros,RU,61.8106,51.5806,48.2,86,100,7.63,overcast clouds,2021-07-28 03:32:31
286,Najran,SA,17.4924,44.1277,81.25,55,18,8.95,few clouds,2021-07-28 03:32:31
287,Mayumba,GA,-3.432,10.6554,72.7,87,100,2.04,overcast clouds,2021-07-28 03:32:31
288,Izhmorskiy,RU,56.194,86.6414,59.05,74,100,2.98,overcast clouds,2021-07-28 03:32:32
289,Salalah,OM,17.0151,54.0924,77.09,94,90,8.05,light intensity drizzle,2021-07-28 03:32:32
290,Rostovka,RU,55.3842,71.8891,70.2,47,57,10.63,broken clouds,2021-07-28 03:32:32
291,Denpasar,ID,-8.65,115.2167,82.06,78,40,6.91,scattered clouds,2021-07-28 03:29:18
292,Bougouni,ML,11.417,-7.479,73.63,93,100,4.32,moderate rain,2021-07-28 03:32:33
293,Hammerfest,NO,70.6634,23.6821,45.05,100,90,4.61,mist,2021-07-28 03:32:33
294,Ilo,PE,-17.6394,-71.3375,59.52,82,62,5.32,broken clouds,2021-07-28 03:32:34
295,Kurilsk,RU,45.2333,147.8833,72.54,74,9,2.17,clear sky,2021-07-28 03:32:34
296,Cap Malheureux,MU,-19.9842,57.6142,68.49,91,94,10.0,heavy intensity rain,2021-07-28 03:32:34
297,Mittagong,AU,-34.45,150.45,64.85,54,72,16.15,broken clouds,2021-07-28 03:32:35
298,Mahdasht,IR,35.7299,50.8111,84.42,36,20,9.22,few clouds,2021-07-28 03:32:35
299,Maldonado,UY,-34.6667,-54.9167,47.59,68,99,17.85,overcast clouds,2021-07-28 03:32:35
300,Carutapera,BR,-1.195,-46.02,77.11,86,87,4.52,overcast clouds,2021-07-28 03:31:13
301,Mount Isa,AU,-20.7333,139.5,85.77,23,8,8.05,clear sky,2021-07-28 03:32:36
302,Severo-Kurilsk,RU,50.6789,156.125,59.11,89,100,6.44,overcast clouds,2021-07-28 03:32:36
303,Altamira,BR,-3.2033,-52.2064,72.23,63,8,2.82,clear sky,2021-07-28 03:32:37
304,Mathbaria,BD,22.2876,89.9593,79.12,94,100,8.32,overcast clouds,2021-07-28 03:32:37
305,Promyshlennaya,RU,54.9159,85.6385,67.15,67,99,3.87,overcast clouds,2021-07-28 03:32:37
306,Kondinskoye,RU,59.6481,67.41,55.56,57,77,5.82,broken clouds,2021-07-28 03:32:38
307,Destin,US,30.3935,-86.4958,82.02,87,75,0.0,broken clouds,2021-07-28 03:29:22
308,East London,ZA,-33.0153,27.9116,63.9,80,0,12.73,clear sky,2021-07-28 03:28:51
309,Meadow Lake,US,34.8014,-106.5436,73.11,63,98,10.58,overcast clouds,2021-07-28 03:29:02
310,Palasa,IN,18.7667,84.4167,88.34,60,100,9.06,overcast clouds,2021-07-28 03:32:38
311,Bozdar,PK,27.1828,68.636,86.07,56,100,9.66,overcast clouds,2021-07-28 03:32:39
312,Jilib,SO,0.4883,42.7854,74.89,79,99,9.01,overcast clouds,2021-07-28 03:32:39
313,Ati,TD,13.2154,18.3353,74.01,90,100,6.51,overcast clouds,2021-07-28 03:32:40
314,Dunedin,NZ,-45.8742,170.5036,53.8,52,40,3.0,scattered clouds,2021-07-28 03:29:56
315,Alugan,PH,12.2188,125.4808,92.34,53,100,9.6,overcast clouds,2021-07-28 03:32:40
316,Muzhi,RU,65.3667,64.6667,50.4,70,55,6.71,broken clouds,2021-07-28 03:32:40
317,Arlit,NE,18.7369,7.3853,83.25,56,71,5.99,broken clouds,2021-07-28 03:32:41
318,Flinders,AU,-34.5833,150.8552,76.21,43,74,7.0,broken clouds,2021-07-28 03:30:37
319,Amahai,ID,-3.3333,128.9167,82.49,78,81,5.19,broken clouds,2021-07-28 03:29:28
320,Minas De Barroteran,MX,27.6333,-101.2833,87.69,24,95,6.87,overcast clouds,2021-07-28 03:32:42
321,Kalangala,UG,-0.3089,32.225,67.35,64,81,9.62,broken clouds,2021-07-28 03:32:42
322,Santa Cruz,BO,-17.8,-63.1667,60.26,33,90,16.11,overcast clouds,2021-07-28 03:32:42
323,Talnakh,RU,69.4865,88.3972,61.65,86,96,4.45,light rain,2021-07-28 03:29:45
324,Iqaluit,CA,63.7506,-68.5145,44.33,75,75,8.01,broken clouds,2021-07-28 03:30:57
325,Lavrentiya,RU,65.5833,-171.0,43.81,99,100,9.55,moderate rain,2021-07-28 03:32:43
326,Matara,LK,5.9485,80.5353,82.36,80,96,11.77,overcast clouds,2021-07-28 03:32:44
327,Tabou,CI,4.423,-7.3528,76.33,75,100,8.77,overcast clouds,2021-07-28 03:32:44
328,Sabang,ID,5.8933,95.3214,83.35,74,92,20.74,overcast clouds,2021-07-28 03:32:45
329,Kapoeta,SS,4.7717,33.5903,71.17,82,75,3.62,light rain,2021-07-28 03:32:45
330,Longyearbyen,SJ,78.2186,15.6401,42.53,98,100,1.07,overcast clouds,2021-07-28 03:32:45
331,Mecca,SA,21.4267,39.8261,81.05,81,98,6.73,overcast clouds,2021-07-28 03:32:46
332,Catuday,PH,16.2923,119.8062,82.09,82,100,20.98,moderate rain,2021-07-28 03:32:46
333,Belousovka,KZ,50.1339,82.5239,68.88,38,0,9.04,clear sky,2021-07-28 03:32:46
334,Wuwei,CN,37.9281,102.6414,87.71,15,6,9.06,clear sky,2021-07-28 03:32:47
335,Mahebourg,MU,-20.4081,57.7,68.29,94,75,14.97,moderate rain,2021-07-28 03:29:24
336,Comodoro Rivadavia,AR,-45.8667,-67.5,37.26,75,0,2.3,clear sky,2021-07-28 03:32:47
337,Mehamn,NO,71.0357,27.8492,42.75,100,90,3.44,fog,2021-07-28 03:29:11
338,Dzhebariki-Khaya,RU,62.2167,135.8,71.91,37,44,12.15,scattered clouds,2021-07-28 03:32:48
339,Prince Rupert,CA,54.3161,-130.3201,60.89,79,20,5.75,few clouds,2021-07-28 03:32:48
340,Angoram,PG,-4.0625,144.0661,87.06,66,44,4.03,scattered clouds,2021-07-28 03:32:49
341,Troitskoye,RU,52.9821,84.6757,66.79,52,40,2.21,scattered clouds,2021-07-28 03:32:49
342,Clyde River,CA,70.4692,-68.5914,39.43,93,90,2.3,overcast clouds,2021-07-28 03:32:49
343,Port Lincoln,AU,-34.7333,135.8667,57.02,54,16,23.76,few clouds,2021-07-28 03:32:50
344,Surgut,RU,61.25,73.4167,57.38,100,75,11.18,light rain,2021-07-28 03:32:50
345,Sindor,RU,62.8629,51.8905,45.57,84,87,9.35,overcast clouds,2021-07-28 03:32:51
346,Ahuimanu,US,21.4447,-157.8378,87.51,66,75,11.5,light rain,2021-07-28 03:32:51
347,Darab,IR,28.7519,54.5444,90.61,16,100,9.57,overcast clouds,2021-07-28 03:32:51
348,Mildura,AU,-34.2,142.15,64.08,48,40,18.41,scattered clouds,2021-07-28 03:31:03
349,Mar Del Plata,AR,-38.0023,-57.5575,46.13,71,90,13.0,light rain,2021-07-28 03:32:52
350,Miraflores,MX,19.2167,-98.8083,66.02,76,98,1.77,overcast clouds,2021-07-28 03:32:52
351,San Andres,CO,12.5847,-81.7006,82.42,83,75,8.05,broken clouds,2021-07-28 03:32:53
352,Svetlyy,RU,54.675,20.1347,62.65,88,61,6.8,broken clouds,2021-07-28 03:32:53
353,Ust-Maya,RU,60.4167,134.5333,76.21,38,23,7.9,few clouds,2021-07-28 03:32:53
354,Igrim,RU,63.1906,64.4162,48.15,73,78,7.78,broken clouds,2021-07-28 03:32:54
355,Nanakuli,US,21.3906,-158.1547,87.75,54,40,9.22,scattered clouds,2021-07-28 03:32:54
356,Teluknaga,ID,-6.0989,106.6381,86.18,55,52,4.61,broken clouds,2021-07-28 03:32:55
357,Braganca,BR,-1.0536,-46.7656,73.69,93,76,1.48,broken clouds,2021-07-28 03:32:55
358,Pisticci,IT,40.3906,16.5568,79.83,37,7,3.87,clear sky,2021-07-28 03:32:55
359,Trincomalee,LK,8.5711,81.2335,85.23,69,100,18.95,overcast clouds,2021-07-28 03:32:56
360,Malakal,SS,9.5334,31.6605,70.02,96,100,2.59,overcast clouds,2021-07-28 03:32:56
361,Taltal,CL,-25.4,-70.4833,55.13,78,3,3.96,clear sky,2021-07-28 03:32:56
362,Bengkulu,ID,-3.8004,102.2655,84.42,61,58,5.95,broken clouds,2021-07-28 03:32:57
363,Vila Velha,BR,-20.3297,-40.2925,73.35,78,0,6.91,clear sky,2021-07-28 03:32:57
364,Key West,US,24.5557,-81.7826,87.8,70,1,5.75,clear sky,2021-07-28 03:32:57
365,Sokoni,TZ,-6.4333,39.55,73.26,75,1,16.78,clear sky,2021-07-28 03:32:58
366,Bukachacha,RU,52.9833,116.9167,62.42,94,100,2.66,overcast clouds,2021-07-28 03:32:58
367,Pundaguitan,PH,6.3711,126.1689,84.94,74,57,16.2,broken clouds,2021-07-28 03:32:59
368,Aykhal,RU,66.0,111.5,85.53,31,40,6.6,scattered clouds,2021-07-28 03:33:00
369,Kudahuvadhoo,MV,2.6708,72.8944,80.65,77,100,7.34,light rain,2021-07-28 03:33:01
370,Kodinsk,RU,58.6881,99.1844,75.54,64,100,7.2,overcast clouds,2021-07-28 03:33:01
371,Broome,US,42.2506,-75.833,67.55,97,90,1.01,mist,2021-07-28 03:33:02
372,Vao,NC,-22.6667,167.4833,68.67,61,26,15.23,scattered clouds,2021-07-28 03:33:02
373,Tambacounda,SN,13.7539,-13.7586,84.25,79,0,6.91,clear sky,2021-07-28 03:33:02
374,Georgetown,MY,5.4112,100.3354,89.55,62,20,5.75,few clouds,2021-07-28 03:30:18
375,Qandala,SO,11.472,49.8728,86.25,50,75,10.76,broken clouds,2021-07-28 03:33:03
376,Cuencame,MX,24.8711,-103.6964,78.8,29,95,11.14,overcast clouds,2021-07-28 03:33:03
377,Guthrie,US,35.8789,-97.4253,86.67,79,2,9.22,clear sky,2021-07-28 03:31:11
378,Campo Maior,BR,-4.8278,-42.1686,75.76,74,80,5.37,broken clouds,2021-07-28 03:33:04
379,Havelock,US,34.8791,-76.9013,82.94,92,77,5.5,broken clouds,2021-07-28 03:33:04
380,Muros,ES,42.7762,-9.0603,64.99,84,17,8.48,few clouds,2021-07-28 03:29:14
381,Fort Morgan,US,40.2503,-103.8,81.82,41,1,9.22,clear sky,2021-07-28 03:33:05
382,Atherton,GB,53.5237,-2.4935,61.16,94,100,5.99,overcast clouds,2021-07-28 03:33:05
383,Ulaangom,MN,49.9811,92.0667,73.9,41,0,10.16,clear sky,2021-07-28 03:33:05
384,Acarau,BR,-2.8856,-40.12,77.05,86,19,13.67,few clouds,2021-07-28 03:33:06
385,Lhokseumawe,ID,5.1801,97.1507,87.46,60,92,3.04,overcast clouds,2021-07-28 03:33:06
386,Zhangye,CN,38.9342,100.4517,87.91,14,11,4.9,few clouds,2021-07-28 03:33:07
387,Beloha,MG,-25.1667,45.05,62.17,78,1,11.45,clear sky,2021-07-28 03:30:12
388,Moranbah,AU,-22.0016,148.0466,78.96,31,5,4.76,clear sky,2021-07-28 03:33:07
389,Caohe,CN,30.2297,115.4335,82.0,80,100,18.75,overcast clouds,2021-07-28 03:33:07
390,Atikokan,CA,48.7555,-91.6216,63.07,62,7,1.81,clear sky,2021-07-28 03:33:08
391,Sosua,DO,19.7667,-70.5167,78.78,94,20,0.0,few clouds,2021-07-28 03:31:41
392,Young,UY,-32.6833,-57.6333,41.23,69,1,9.42,clear sky,2021-07-28 03:33:08
393,Quzhou,CN,28.9594,118.8686,89.29,70,45,9.37,scattered clouds,2021-07-28 03:33:09
394,Chokurdakh,RU,70.6333,147.9167,50.97,44,44,15.05,scattered clouds,2021-07-28 03:33:09
395,Bilma,NE,18.6853,12.9164,86.07,48,91,7.67,overcast clouds,2021-07-28 03:33:10
396,Saeby,DK,57.3319,10.5225,60.73,95,99,8.95,overcast clouds,2021-07-28 03:33:10
397,Rocha,UY,-34.4833,-54.3333,45.43,71,99,15.9,overcast clouds,2021-07-28 03:31:27
398,Quelimane,MZ,-17.8786,36.8883,64.35,94,75,0.0,light rain,2021-07-28 03:33:10
399,Codrington,AU,-38.2667,141.9667,48.6,79,96,23.17,overcast clouds,2021-07-28 03:33:11
400,East Stroudsburg,US,40.9995,-75.1813,72.84,92,94,3.29,overcast clouds,2021-07-28 03:33:11
401,Kandrian,PG,-6.2167,149.55,82.94,76,61,3.94,light rain,2021-07-28 03:33:12
402,Vilyuysk,RU,63.7553,121.6247,76.96,32,22,8.28,few clouds,2021-07-28 03:33:12
403,Port Moresby,PG,-9.4431,147.1797,87.22,66,75,11.5,haze,2021-07-28 03:29:30
404,Avera,US,33.194,-82.5271,82.27,73,91,5.75,light rain,2021-07-28 03:33:12
405,Haines Junction,CA,60.7522,-137.5108,60.75,55,42,10.36,scattered clouds,2021-07-28 03:30:23
406,Kutum,SD,14.2,24.6667,68.81,83,100,9.55,overcast clouds,2021-07-28 03:33:13
407,Verkh-Usugli,RU,52.7,115.1667,62.11,90,95,4.83,light rain,2021-07-28 03:33:13
408,Darhan,MN,49.4867,105.9228,72.88,58,60,4.54,broken clouds,2021-07-28 03:33:14
409,Blind River,CA,46.1834,-82.9582,64.65,69,94,5.32,overcast clouds,2021-07-28 03:33:14
410,Korla,CN,41.7597,86.1469,95.95,13,7,8.55,clear sky,2021-07-28 03:33:14
411,Nanzhang,CN,31.7765,111.8386,85.19,70,34,6.67,light rain,2021-07-28 03:33:15
412,Langham,CA,52.3668,-106.9679,78.03,37,70,9.04,broken clouds,2021-07-28 03:33:15
413,Betanzos,ES,43.2804,-8.2147,66.67,87,90,2.3,overcast clouds,2021-07-28 03:33:16
414,Collie,AU,-33.3667,116.15,53.98,72,51,12.19,broken clouds,2021-07-28 03:33:16
415,Vallenar,CL,-28.5708,-70.7581,52.95,53,0,2.98,clear sky,2021-07-28 03:33:16
416,Cedral,MX,23.8,-100.7333,69.57,53,37,5.01,scattered clouds,2021-07-28 03:33:17
417,Jiwani,PK,25.05,61.7417,82.69,86,99,8.03,overcast clouds,2021-07-28 03:33:17
418,Mezen,RU,65.8522,44.24,48.67,73,97,6.2,overcast clouds,2021-07-28 03:33:17
419,Kruisfontein,ZA,-34.0033,24.7314,53.89,85,23,10.36,few clouds,2021-07-28 03:30:20
420,Kaputa,ZM,-8.4689,29.6619,59.9,61,51,4.59,broken clouds,2021-07-28 03:33:18
421,Beringovskiy,RU,63.05,179.3167,48.49,87,100,19.35,light rain,2021-07-28 03:29:02
422,Koson,UZ,39.0375,65.585,82.72,16,0,25.19,clear sky,2021-07-28 03:33:18
423,Iracoubo,GF,5.4802,-53.2011,77.23,88,6,7.43,clear sky,2021-07-28 03:33:19
424,Bereda,ES,43.2686,-7.5406,61.92,100,95,2.91,overcast clouds,2021-07-28 03:33:19
425,Morondava,MG,-20.2833,44.2833,64.0,60,0,11.05,clear sky,2021-07-28 03:33:19
426,Vanimo,PG,-2.6741,141.3028,83.57,79,32,6.26,scattered clouds,2021-07-28 03:33:20
427,Olden,NO,61.8364,6.8064,68.16,86,100,4.23,light rain,2021-07-28 03:33:20
428,Hambantota,LK,6.1241,81.1185,86.34,74,100,13.8,overcast clouds,2021-07-28 03:33:21
429,Porto Novo,BJ,6.4965,2.6036,76.82,83,100,7.54,overcast clouds,2021-07-28 03:30:12
430,Gradistea,RO,44.2333,27.2167,74.1,43,0,1.99,clear sky,2021-07-28 03:33:21
431,Saint-Pierre,RE,-21.3393,55.4781,65.88,88,90,12.66,light rain,2021-07-28 03:33:22
432,Richards Bay,ZA,-28.783,32.0377,57.24,71,0,11.01,clear sky,2021-07-28 03:30:46
433,Raseiniai,LT,55.3736,23.1217,66.65,94,27,3.83,scattered clouds,2021-07-28 03:33:22
434,Tres Picos,MX,15.8667,-93.5333,78.55,86,84,3.91,broken clouds,2021-07-28 03:33:23
435,Manaure,CO,11.7751,-72.4445,81.5,76,70,12.97,broken clouds,2021-07-28 03:33:23
436,Kedrovyy,RU,56.1667,91.8167,57.61,61,100,4.54,overcast clouds,2021-07-28 03:29:48
437,Erzin,TR,36.9559,36.2,83.12,67,0,5.44,clear sky,2021-07-28 03:29:46
438,Shimoda,JP,34.6667,138.95,84.56,70,92,11.05,overcast clouds,2021-07-28 03:33:24
439,Santa Rosa,PH,14.3122,121.1114,81.91,90,100,19.24,moderate rain,2021-07-28 03:30:13
440,Puerto Escondido,MX,15.85,-97.0667,77.83,78,75,0.0,broken clouds,2021-07-28 03:33:24
441,Gigmoto,PH,13.7796,124.39,87.55,70,99,17.09,overcast clouds,2021-07-28 03:33:24
442,Mokhsogollokh,RU,61.4681,128.9203,75.6,36,13,8.03,few clouds,2021-07-28 03:33:25
443,Sur,OM,22.5667,59.5289,97.81,42,100,14.32,overcast clouds,2021-07-28 03:33:25
444,Price,US,39.5994,-110.8107,78.06,41,1,5.75,clear sky,2021-07-28 03:29:25
445,Xam Nua,LA,20.4197,104.0439,82.22,60,100,4.32,overcast clouds,2021-07-28 03:33:26
446,Kifri,IQ,34.6959,44.9661,95.92,16,0,9.13,clear sky,2021-07-28 03:33:27
447,Forbes,AU,-33.3833,148.0167,56.91,71,100,15.41,light rain,2021-07-28 03:33:27
448,Fecamp,FR,49.7579,0.3746,59.88,89,62,19.93,broken clouds,2021-07-28 03:33:27
449,Niceville,US,30.5169,-86.4822,81.95,89,90,1.99,overcast clouds,2021-07-28 03:30:00
450,Alta Floresta,BR,-9.8756,-56.0861,71.04,46,2,3.56,clear sky,2021-07-28 03:31:08
451,Doha,QA,25.2867,51.5333,94.98,73,100,2.3,haze,2021-07-28 03:33:15
452,Hofn,IS,64.2539,-15.2082,53.94,83,100,6.78,overcast clouds,2021-07-28 03:33:28
453,Bonavista,CA,48.6499,-53.1147,64.4,97,100,14.47,overcast clouds,2021-07-28 03:33:29
454,Port Augusta,AU,-32.5,137.7667,62.74,37,25,20.6,scattered clouds,2021-07-28 03:33:29
455,Old Saybrook,US,41.2918,-72.3762,74.39,86,40,0.0,scattered clouds,2021-07-28 03:30:25
456,Odienne,CI,9.51,-7.5692,69.78,97,94,4.59,overcast clouds,2021-07-28 03:33:30
457,Baghdad,IQ,33.3406,44.4009,89.51,25,0,10.36,clear sky,2021-07-28 03:30:44
458,Venkatagiri,IN,13.9667,79.5833,86.47,44,99,20.09,overcast clouds,2021-07-28 03:33:30
459,Kamenka,RU,51.3223,42.7678,69.73,62,10,3.04,clear sky,2021-07-28 03:33:31
460,Karratha,AU,-20.7377,116.8463,78.28,48,17,8.46,few clouds,2021-07-28 03:33:31
461,Brae,GB,60.3964,-1.353,55.31,95,81,7.49,broken clouds,2021-07-28 03:31:20
462,Hualmay,PE,-11.0964,-77.6139,63.48,87,42,10.56,scattered clouds,2021-07-28 03:33:32
463,Wasilla,US,61.5814,-149.4394,65.52,66,90,3.44,overcast clouds,2021-07-28 03:30:36
464,La Joya,MX,18.6667,-99.4667,68.31,91,100,4.94,overcast clouds,2021-07-28 03:33:32
465,Lianzhou,CN,24.7811,112.3825,96.17,48,13,2.64,few clouds,2021-07-28 03:33:32
466,Sterling,US,39.0062,-77.4286,79.16,73,1,0.0,clear sky,2021-07-28 03:33:33
467,Trairi,BR,-3.2778,-39.2689,76.55,87,15,8.97,few clouds,2021-07-28 03:33:09
468,Avenal,US,36.0041,-120.129,94.82,28,0,12.91,clear sky,2021-07-28 03:33:33
469,Saint-Georges,GD,12.0564,-61.7485,80.28,78,20,10.36,few clouds,2021-07-28 03:33:34
470,Klaksvik,FO,62.2266,-6.589,50.92,95,100,4.81,overcast clouds,2021-07-28 03:33:34
471,Sambava,MG,-14.2667,50.1667,67.21,80,4,9.95,clear sky,2021-07-28 03:33:34
472,Staunton,US,38.1496,-79.0717,76.68,72,90,16.11,overcast clouds,2021-07-28 03:33:35
473,Flin Flon,CA,54.7682,-101.865,62.6,69,14,5.19,few clouds,2021-07-28 03:33:35
474,Tezonapa,MX,18.6092,-96.6917,73.69,94,58,2.53,broken clouds,2021-07-28 03:33:36
475,Birao,CF,10.2849,22.7882,69.57,96,100,4.07,overcast clouds,2021-07-28 03:33:36
476,La Reforma,MX,25.0833,-108.05,89.15,79,10,4.79,clear sky,2021-07-28 03:33:36
477,Pimenta Bueno,BR,-11.6725,-61.1936,74.39,56,37,4.5,scattered clouds,2021-07-28 03:33:37
478,Barra Da Estiva,BR,-13.6261,-41.3269,60.01,82,47,6.55,scattered clouds,2021-07-28 03:33:37
479,Pasni,PK,25.2631,63.471,82.33,86,100,11.1,overcast clouds,2021-07-28 03:33:37
480,Shache,CN,38.4167,77.2406,94.26,17,68,10.36,broken clouds,2021-07-28 03:33:38
481,Leh,IN,34.1667,77.5833,67.42,44,99,0.98,overcast clouds,2021-07-28 03:33:38
482,Adrar,MR,20.5022,-10.0711,83.95,38,100,11.1,overcast clouds,2021-07-28 03:33:39
483,Rio Gallegos,AR,-51.6226,-69.2181,41.05,87,0,11.5,clear sky,2021-07-28 03:31:35
484,Athens,GR,37.9795,23.7162,83.8,31,0,1.01,clear sky,2021-07-28 03:31:08
485,Lerik,AZ,38.7726,48.4128,67.64,66,33,7.54,scattered clouds,2021-07-28 03:33:40
486,Purpe,RU,64.4803,76.6897,56.77,82,100,10.4,light rain,2021-07-28 03:33:40
487,Saint-Leu,RE,-21.15,55.2833,65.26,74,17,9.93,few clouds,2021-07-28 03:33:40
488,Nhulunbuy,AU,-12.2333,136.7667,81.21,69,75,14.97,broken clouds,2021-07-28 03:29:06
489,Buala,SB,-8.145,159.5921,83.55,73,95,9.33,light rain,2021-07-28 03:33:41
490,Paamiut,GL,61.994,-49.6678,44.28,82,77,11.14,broken clouds,2021-07-28 03:33:41
491,Newport,GB,51.5877,-2.9984,61.83,91,80,8.97,broken clouds,2021-07-28 03:32:00
492,Fort-Shevchenko,KZ,44.5086,50.263,78.94,42,100,7.2,overcast clouds,2021-07-28 03:33:42
493,Pavilosta,LV,56.8879,21.1859,69.75,89,56,9.62,broken clouds,2021-07-28 03:33:42
494,Havoysund,NO,70.9963,24.6622,45.48,82,88,2.95,overcast clouds,2021-07-28 03:33:43
495,Salinas,US,36.6777,-121.6555,75.42,79,1,11.5,clear sky,2021-07-28 03:33:30
496,Lata,PT,40.1629,-8.3327,62.92,97,28,2.62,scattered clouds,2021-07-28 03:33:43
497,Finnsnes,NO,69.2296,17.9811,52.41,76,2,3.44,clear sky,2021-07-28 03:33:43
498,Anqing,CN,30.5092,117.0506,83.62,81,96,15.17,overcast clouds,2021-07-28 03:33:44
499,Balkanabat,TM,39.5108,54.3671,96.64,15,1,10.42,clear sky,2021-07-28 03:33:44
500,Saldanha,ZA,-33.0117,17.9442,51.85,64,100,6.15,overcast clouds,2021-07-28 03:33:45
501,Sobolevo,RU,54.4299,31.8996,62.69,98,100,9.75,light rain,2021-07-28 03:30:27
502,Kalabo,ZM,-14.97,22.6814,45.43,72,16,5.97,few clouds,2021-07-28 03:33:45
503,Tyrma,RU,50.0833,132.1667,82.72,74,82,5.32,broken clouds,2021-07-28 03:33:46
504,Artyom,AZ,40.4723,50.333,77.14,72,66,40.73,broken clouds,2021-07-28 03:33:46
505,Sainte-Marie,RE,-20.8968,55.5496,66.36,88,90,14.97,light rain,2021-07-28 03:30:53
506,Slave Lake,CA,55.2834,-114.769,66.18,59,1,3.44,clear sky,2021-07-28 03:29:43
507,Sinnamary,GF,5.3833,-52.95,77.23,88,7,7.83,clear sky,2021-07-28 03:31:38
508,Orlik,RU,52.5178,99.825,70.88,55,71,2.55,light rain,2021-07-28 03:33:47
509,Pacific Grove,US,36.6177,-121.9166,71.15,86,40,3.0,scattered clouds,2021-07-28 03:33:47
510,Asasa,ET,7.1,39.2,54.43,92,98,3.47,overcast clouds,2021-07-28 03:33:48
511,Araouane,ML,18.9048,-3.5265,90.77,42,42,16.96,scattered clouds,2021-07-28 03:29:56
512,Molchanovo,RU,57.5817,83.7692,60.15,64,100,3.83,overcast clouds,2021-07-28 03:33:48
513,Atambua,ID,-9.1061,124.8925,85.89,43,70,2.57,broken clouds,2021-07-28 03:30:50
514,Murgab,TM,37.4966,61.9714,76.87,31,0,11.5,clear sky,2021-07-28 03:33:49
515,Mandan,US,46.8267,-100.8896,83.41,74,40,5.01,scattered clouds,2021-07-28 03:33:49
516,Rundu,NA,-17.9333,19.7667,43.88,55,2,6.24,clear sky,2021-07-28 03:33:50
517,Arkhangelsk,RU,64.5401,40.5433,51.91,82,0,2.24,clear sky,2021-07-28 03:33:50
518,Sayyan,YE,15.1718,44.3244,64.58,67,37,4.03,scattered clouds,2021-07-28 03:33:50
519,Ranong,TH,9.9658,98.6348,84.13,81,99,15.86,light rain,2021-07-28 03:33:51
520,Abha,SA,18.2164,42.5053,64.22,88,85,0.0,overcast clouds,2021-07-28 03:33:51
521,Labelle,US,26.7617,-81.4384,82.98,84,90,2.73,overcast clouds,2021-07-28 03:33:51
522,Niquelandia,BR,-14.4739,-48.4597,66.25,41,5,1.79,clear sky,2021-07-28 03:33:52
523,Rio Grande,BR,-32.035,-52.0986,39.94,64,3,19.44,clear sky,2021-07-28 03:30:08
524,Vanavara,RU,60.34,102.2797,88.99,30,0,1.12,clear sky,2021-07-28 03:33:52
525,Orbetello,IT,42.4408,11.2196,73.8,89,15,9.84,few clouds,2021-07-28 03:33:53
526,Kawalu,ID,-7.3817,108.2082,79.39,71,65,5.44,broken clouds,2021-07-28 03:33:53
527,Grindavik,IS,63.8424,-22.4338,50.56,93,0,13.8,clear sky,2021-07-28 03:33:53
528,Puerto Baquerizo Moreno,EC,-0.9,-89.6,71.29,84,1,10.49,clear sky,2021-07-28 03:33:54
529,Phuthaditjhaba,ZA,-28.5242,28.8158,35.83,34,0,4.72,clear sky,2021-07-28 03:33:54
530,Nueva Rosita,MX,27.95,-101.2167,86.22,23,100,8.99,overcast clouds,2021-07-28 03:33:54
531,Jimenez,MX,28.3333,-105.4,86.74,20,45,8.55,scattered clouds,2021-07-28 03:33:55
532,Karaton,ID,-6.3424,106.1045,84.36,45,46,0.72,scattered clouds,2021-07-28 03:33:55
533,Along,IN,28.1667,94.7667,92.41,56,58,1.5,broken clouds,2021-07-28 03:33:55
534,Boffa,GN,10.1667,-14.0333,75.49,93,99,2.3,light rain,2021-07-28 03:33:56
535,Kurmanayevka,RU,52.5093,52.0675,70.45,54,37,9.98,scattered clouds,2021-07-28 03:33:56
536,Hami,CN,42.8,93.45,98.37,11,11,9.86,few clouds,2021-07-28 03:33:57
537,La Ronge,CA,55.1001,-105.2842,64.65,68,20,6.91,few clouds,2021-07-28 03:33:57
538,Aloleng,PH,16.1307,119.7824,83.75,83,99,20.56,light rain,2021-07-28 03:33:57
539,Axim,GH,4.8699,-2.2405,75.96,79,100,9.17,overcast clouds,2021-07-28 03:33:58
540,Kununurra,AU,-15.7667,128.7333,91.38,38,17,4.61,few clouds,2021-07-28 03:33:58
541,Bage,BR,-31.3314,-54.1069,36.81,71,0,9.98,clear sky,2021-07-28 03:33:59
542,Bogotol,RU,56.2078,89.5342,63.68,62,100,1.36,overcast clouds,2021-07-28 03:33:59
543,Otavi,NA,-19.65,17.3333,49.3,39,0,7.4,clear sky,2021-07-28 03:34:00
544,Yazman,PK,29.1212,71.7446,90.82,55,100,17.6,overcast clouds,2021-07-28 03:34:00
545,Mount Gambier,AU,-37.8333,140.7667,49.91,81,75,17.27,broken clouds,2021-07-28 03:34:01
546,San Ramon,US,37.7799,-121.978,85.66,60,1,8.99,clear sky,2021-07-28 03:29:54
547,Torres,BR,-29.3353,-49.7269,41.83,55,0,11.92,clear sky,2021-07-28 03:34:02
548,Ojiya,JP,37.3,138.8,83.39,83,32,6.69,scattered clouds,2021-07-28 03:34:02
549,Diffa,NE,13.3154,12.6113,75.18,86,100,12.17,overcast clouds,2021-07-28 03:34:02
550,Komsomolskiy,UZ,40.4272,71.7189,84.92,32,3,2.3,clear sky,2021-07-28 03:34:03
551,Bhatkal,IN,13.9667,74.5667,80.11,83,100,12.64,overcast clouds,2021-07-28 03:34:03
552,Eyl,SO,7.9803,49.8164,79.68,54,98,24.25,overcast clouds,2021-07-28 03:34:04
553,Sao Jose Da Coroa Grande,BR,-8.8978,-35.1478,73.67,88,2,7.67,clear sky,2021-07-28 03:34:04
554,Naze,JP,28.3667,129.4833,83.32,84,57,11.99,broken clouds,2021-07-28 03:34:04
555,Mitsamiouli,KM,-11.3847,43.2844,75.54,68,2,8.72,clear sky,2021-07-28 03:30:23
556,Marrakesh,MA,31.6315,-8.0083,73.47,64,0,3.44,clear sky,2021-07-28 03:34:05
557,Santa Ana,US,33.7456,-117.8678,87.98,71,20,1.99,few clouds,2021-07-28 03:34:05
558,Jijiga,ET,9.35,42.8,59.25,88,100,17.94,overcast clouds,2021-07-28 03:34:06
559,Shizunai,JP,42.3339,142.3669,79.9,70,76,17.43,broken clouds,2021-07-28 03:34:06
560,Kenai,US,60.5544,-151.2583,69.03,72,1,20.71,clear sky,2021-07-28 03:31:50
561,Pavlivka,UA,49.4414,28.4596,68.41,88,24,5.14,few clouds,2021-07-28 03:34:07
562,Gorkovskiy,RU,45.6542,41.199,62.8,58,35,4.79,scattered clouds,2021-07-28 03:34:07
563,Amurzet,RU,47.6967,131.0981,97.61,35,30,10.51,scattered clouds,2021-07-28 03:34:07
564,Luangwa,ZM,-15.6167,30.4167,51.98,84,13,1.25,few clouds,2021-07-28 03:34:08
565,Kargasok,RU,59.0556,80.8572,68.59,51,81,8.79,broken clouds,2021-07-28 03:34:08
566,Calama,CL,-22.4667,-68.9333,34.29,12,1,16.11,clear sky,2021-07-28 03:34:08
567,Ukiah,US,39.1502,-123.2078,87.69,29,1,3.44,clear sky,2021-07-28 03:29:46
568,Lashio,MM,22.9333,97.75,73.47,87,99,2.68,overcast clouds,2021-07-28 03:34:09
569,Medeiros Neto,BR,-17.3739,-40.2206,65.34,94,0,5.48,clear sky,2021-07-28 03:34:09
570,Villafranca De Los Barros,ES,38.5614,-6.3381,70.83,63,0,3.04,clear sky,2021-07-28 03:34:10
571,Mercedes,AR,-34.6515,-59.4307,45.86,61,60,13.35,broken clouds,2021-07-28 03:34:10
572,Nguru,NG,12.8791,10.4526,73.24,86,100,12.06,light rain,2021-07-28 03:34:10
573,Mandalgovi,MN,45.7625,106.2708,73.76,42,58,5.28,broken clouds,2021-07-28 03:34:11
574,Makakilo City,US,21.3469,-158.0858,86.32,57,40,9.22,scattered clouds,2021-07-28 03:34:11
575,Byron Bay,AU,-28.65,153.6167,75.16,51,8,16.22,clear sky,2021-07-28 03:34:12
576,Pembroke,CA,45.8168,-77.1162,58.98,93,31,1.52,scattered clouds,2021-07-28 03:34:12
577,Buluang,PH,13.3068,123.3425,87.08,70,89,16.13,light rain,2021-07-28 03:34:12
578,Netanya,IL,32.3329,34.8599,78.82,74,0,6.38,clear sky,2021-07-28 03:34:13
579,Salta,AR,-24.7859,-65.4117,45.19,77,90,2.3,overcast clouds,2021-07-28 03:29:24
580,Amazar,RU,53.858,120.875,63.09,97,100,2.01,light rain,2021-07-28 03:34:13
581,Pangkalanbuun,ID,-2.6833,111.6167,86.2,63,90,4.5,overcast clouds,2021-07-28 03:32:01
582,Ambulu,ID,-8.345,113.6058,84.88,53,12,8.63,few clouds,2021-07-28 03:34:14
583,Mairi,BR,-11.7114,-40.1489,64.33,96,54,4.0,broken clouds,2021-07-28 03:34:14
584,Lasa,IT,46.6166,10.7002,63.48,94,69,2.75,broken clouds,2021-07-28 03:34:15
585,Ketchikan,US,55.3422,-131.6461,57.52,84,14,1.81,few clouds,2021-07-28 03:34:15
586,Davila,PH,18.4726,120.5763,83.86,81,100,23.49,heavy intensity rain,2021-07-28 03:34:15
587,Charlestown,AU,-32.95,151.6667,76.78,35,40,11.01,scattered clouds,2021-07-28 03:34:13
588,Laguna,US,38.421,-121.4238,91.24,37,1,5.01,clear sky,2021-07-28 03:32:07
589,Mauguio,FR,43.6181,4.0074,73.29,83,71,10.36,light rain,2021-07-28 03:34:16
590,Aberdeen,GB,57.1437,-2.0981,61.29,99,75,5.75,broken clouds,2021-07-28 03:34:16
591,Vila,PT,42.0304,-8.1588,51.75,85,8,5.19,clear sky,2021-07-28 03:34:17
592,Bubaque,GW,11.2833,-15.8333,79.83,82,100,9.57,light rain,2021-07-28 03:34:17
593,Tubuala,PA,9.5167,-79.0333,78.33,81,93,4.92,overcast clouds,2021-07-28 03:34:17
594,Harper,LR,4.375,-7.7169,76.23,75,100,8.46,overcast clouds,2021-07-28 03:31:34
595,Buchanan,LR,5.8808,-10.0467,76.01,81,100,8.75,overcast clouds,2021-07-28 03:34:18
596,Vieste,IT,41.8825,16.175,77.5,50,82,4.38,broken clouds,2021-07-28 03:34:18
597,Shakiso,ET,5.75,38.9167,56.73,93,100,2.21,light rain,2021-07-28 03:34:19
598,Barybino,RU,55.2677,37.8933,66.42,77,0,4.47,clear sky,2021-07-28 03:34:19
599,Shasta Lake,US,40.6804,-122.3708,77.74,57,93,4.38,overcast clouds,2021-07-28 03:33:10
600,Kilindoni,TZ,-7.9139,39.6668,74.46,78,31,18.23,light rain,2021-07-28 03:34:19
601,Ilhabela,BR,-23.7781,-45.3581,67.17,91,85,9.73,overcast clouds,2021-07-28 03:34:20
602,Kolda,SN,12.8833,-14.95,80.91,83,100,4.61,overcast clouds,2021-07-28 03:34:20
603,Vargem Alta,BR,-20.6714,-41.0069,61.02,59,32,5.37,scattered clouds,2021-07-28 03:34:21
604,Gaoual,GN,11.75,-13.2,74.44,96,100,3.6,light rain,2021-07-28 03:34:21
605,Waipawa,NZ,-41.4122,175.5153,54.23,72,0,3.4,clear sky,2021-07-28 03:34:22
606,Ossora,RU,59.2353,163.0719,63.63,60,100,7.65,light rain,2021-07-28 03:34:22
607,Cidreira,BR,-30.1811,-50.2056,45.81,61,4,17.56,clear sky,2021-07-28 03:34:22
608,Havre-Saint-Pierre,CA,50.2334,-63.5986,55.76,94,75,0.0,broken clouds,2021-07-28 03:34:23
609,Sinegorye,RU,62.0788,150.477,50.18,61,100,7.63,overcast clouds,2021-07-28 03:34:23
610,Havre,FR,49.5833,0.3333,55.83,90,63,16.28,broken clouds,2021-07-28 03:34:23
611,Erdenet,MN,49.0333,104.0833,67.86,62,45,4.79,scattered clouds,2021-07-28 03:33:41
612,Nong Chik,TH,6.8436,101.178,88.92,62,80,13.42,broken clouds,2021-07-28 03:34:24
613,Teahupoo,PF,-17.8333,-149.2667,73.36,70,78,5.66,broken clouds,2021-07-28 03:34:24
614,Port Hedland,AU,-20.3167,118.5667,82.45,47,31,8.05,scattered clouds,2021-07-28 03:31:28
615,Merauke,ID,-8.4667,140.3333,81.95,78,98,12.84,overcast clouds,2021-07-28 03:33:42
616,Garowe,SO,8.4054,48.4845,73.63,67,100,26.62,overcast clouds,2021-07-28 03:34:25
617,Xining,CN,36.6167,101.7667,68.65,42,33,3.02,scattered clouds,2021-07-28 03:32:47
618,Arman,RU,59.7,150.1667,60.89,61,100,4.74,overcast clouds,2021-07-28 03:34:25
619,Kavaratti,IN,10.5669,72.642,81.59,78,100,19.73,overcast clouds,2021-07-28 03:29:49
620,Cinisi,IT,38.1562,13.1073,80.85,58,0,1.14,clear sky,2021-07-28 03:34:26
621,Matay,EG,28.419,30.7792,76.93,56,0,12.15,clear sky,2021-07-28 03:34:26
622,Berdigestyakh,RU,62.0989,126.6992,75.49,34,25,7.83,scattered clouds,2021-07-28 03:34:26
623,Ahipara,NZ,-35.1667,173.1667,59.38,80,51,7.72,broken clouds,2021-07-28 03:34:27
624,Trofors,NO,65.5333,13.4063,70.95,66,77,3.36,broken clouds,2021-07-28 03:34:27
625,Hervey Bay,AU,-25.2986,152.8535,73.51,70,98,12.41,overcast clouds,2021-07-28 03:34:27
626,Umm Lajj,SA,25.0213,37.2685,86.85,69,77,8.99,broken clouds,2021-07-28 03:34:28
627,Tongchuan,CN,35.0806,109.0897,79.02,53,87,4.83,overcast clouds,2021-07-28 03:34:28
628,Maceio,BR,-9.6658,-35.7353,72.84,100,20,2.3,few clouds,2021-07-28 03:34:29
629,Kongolo,CD,-5.3833,27.0,67.6,45,17,3.4,few clouds,2021-07-28 03:34:29
630,Sira,IN,13.7453,76.9092,77.27,65,99,14.34,overcast clouds,2021-07-28 03:34:29
631,Riverton,US,40.5219,-111.9391,87.04,60,1,12.66,clear sky,2021-07-28 03:33:46
632,Kalamb,IN,19.05,73.95,75.83,78,95,18.39,overcast clouds,2021-07-28 03:34:30
633,Xuddur,SO,4.1213,43.8894,70.7,74,100,17.0,overcast clouds,2021-07-28 03:34:30
634,Zhigansk,RU,66.7697,123.3711,66.58,49,47,7.81,scattered clouds,2021-07-28 03:34:31
635,Nyuksenitsa,RU,60.4128,44.2397,55.54,59,16,3.67,few clouds,2021-07-28 03:34:31
636,Port Shepstone,ZA,-30.7414,30.455,59.83,25,0,6.44,clear sky,2021-07-28 03:34:31
637,Maracas,BR,-13.4411,-40.4308,57.85,95,22,3.47,few clouds,2021-07-28 03:34:32
638,Wilmington,US,34.2257,-77.9447,82.31,91,1,3.44,clear sky,2021-07-28 03:31:14
639,Barguzin,RU,53.6167,109.6167,77.72,43,39,3.29,scattered clouds,2021-07-28 03:34:32
640,Basoko,CD,1.2391,23.616,73.92,72,100,1.99,overcast clouds,2021-07-28 03:34:33
641,The Valley,AI,18.217,-63.0578,82.26,76,1,20.09,clear sky,2021-07-28 03:34:33
642,Shenzhen,CN,22.5455,114.0683,95.86,82,92,4.99,overcast clouds,2021-07-28 03:32:36
643,Kyren,RU,51.6828,102.1408,76.03,61,24,4.85,few clouds,2021-07-28 03:34:33
644,Mundwa,IN,27.0667,73.8167,82.96,72,100,17.94,overcast clouds,2021-07-28 03:34:34
645,Polyarnyy,RU,69.1989,33.4478,48.67,87,94,12.17,overcast clouds,2021-07-28 03:34:34
646,Amarante Do Maranhao,BR,-5.5667,-46.7422,73.27,53,34,0.45,scattered clouds,2021-07-28 03:34:35
647,Usinsk,RU,65.9939,57.5281,45.39,87,100,16.46,overcast clouds,2021-07-28 03:34:35
648,Nianzishan,CN,47.5167,122.8833,80.55,59,47,4.63,scattered clouds,2021-07-28 03:34:36
649,Mineros,BO,-17.1167,-63.2333,62.19,25,92,13.33,overcast clouds,2021-07-28 03:34:36
650,Pori,FI,61.4833,21.7833,66.27,63,66,3.44,broken clouds,2021-07-28 03:34:36
651,Luis Correia,BR,-2.8792,-41.6669,78.62,79,60,10.31,broken clouds,2021-07-28 03:34:37
652,Bulaevo,KZ,54.9056,70.4439,66.72,58,64,14.47,broken clouds,2021-07-28 03:34:37
653,Kismayo,SO,-0.3582,42.5454,76.55,79,90,18.39,overcast clouds,2021-07-28 03:34:38
654,Dorado,PR,18.4588,-66.2677,81.1,90,54,9.89,broken clouds,2021-07-28 03:33:56
655,Praia Da Vitoria,PT,38.7333,-27.0667,72.75,94,75,7.14,broken clouds,2021-07-28 03:34:38
656,Manitouwadge,CA,49.1215,-85.8403,59.72,76,47,3.15,scattered clouds,2021-07-28 03:34:38
657,Nelson,NZ,-41.2833,173.2833,58.69,86,3,3.0,clear sky,2021-07-28 03:34:39
658,Medina,SA,24.4686,39.6142,100.83,13,40,0.0,scattered clouds,2021-07-28 03:31:42
659,Chapais,CA,49.7834,-74.8492,47.98,74,63,3.38,broken clouds,2021-07-28 03:34:39
660,Batemans Bay,AU,-35.7167,150.1833,67.91,50,92,15.55,overcast clouds,2021-07-28 03:34:40
661,Pierre,US,44.3683,-100.351,92.86,36,1,3.0,clear sky,2021-07-28 03:34:40
662,Madang,PG,-5.2246,145.7966,84.99,67,55,6.44,broken clouds,2021-07-28 03:34:40
663,Novokayakent,RU,42.3937,47.9861,69.85,58,100,11.5,overcast clouds,2021-07-28 03:34:41
664,Fairhope,US,30.523,-87.9033,83.95,84,75,0.0,broken clouds,2021-07-28 03:34:41
665,Celestun,MX,20.8667,-90.4,80.49,82,41,9.13,scattered clouds,2021-07-28 03:34:41
666,Mareeba,AU,-17.0,145.4333,80.44,58,0,5.1,clear sky,2021-07-28 03:34:42
667,Los Llanos De Aridane,ES,28.6585,-17.9182,69.55,83,75,16.11,broken clouds,2021-07-28 03:34:42
668,Andenes,NO,69.3143,16.1194,60.46,100,90,10.36,fog,2021-07-28 03:34:42
669,Nelson Bay,AU,-32.7167,152.15,78.76,47,66,6.29,broken clouds,2021-07-28 03:31:20
670,Skjervoy,NO,70.0311,20.9714,49.33,91,80,4.07,broken clouds,2021-07-28 03:34:43
671,Ibra,OM,22.6906,58.5334,91.08,42,95,11.32,overcast clouds,2021-07-28 03:34:43
672,Novoilinsk,RU,51.6829,108.7143,78.8,39,21,5.3,few clouds,2021-07-28 03:34:44
673,Kasongo-Lunda,CD,-6.4667,16.8167,60.13,31,8,1.92,clear sky,2021-07-28 03:34:44
674,Linkoping,SE,58.4109,15.6216,61.99,99,60,3.44,fog,2021-07-28 03:34:44
675,Whitehorse,CA,60.7161,-135.0538,61.57,59,75,11.99,broken clouds,2021-07-28 03:34:45
676,San Policarpo,PH,12.1791,125.5072,92.03,55,100,9.48,overcast clouds,2021-07-28 03:34:45
677,Wladyslawowo,PL,54.7909,18.4009,63.95,86,86,6.44,overcast clouds,2021-07-28 03:34:45
678,Lyubim,RU,58.3625,40.6843,60.89,80,15,2.13,few clouds,2021-07-28 03:34:46
679,Ixtapa,MX,20.7,-105.2,77.23,95,54,3.0,broken clouds,2021-07-28 03:34:46
680,Galveston,US,29.3669,-94.9669,84.96,81,40,5.01,scattered clouds,2021-07-28 03:34:46
681,Yenagoa,NG,4.9247,6.2642,71.89,91,93,3.47,overcast clouds,2021-07-28 03:34:47
682,Kirakira,SB,-10.4544,161.9205,84.29,70,46,12.01,scattered clouds,2021-07-28 03:34:47
683,Manggar,ID,-2.8833,108.2667,84.88,68,97,14.16,overcast clouds,2021-07-28 03:34:47
684,Sorong,ID,-0.8833,131.25,86.23,67,100,3.36,light rain,2021-07-28 03:34:48
685,Saint-Denis,FR,48.9167,2.3333,62.76,94,0,6.91,clear sky,2021-07-28 03:34:48
686,Goderich,CA,43.7501,-81.7165,67.91,88,0,2.3,clear sky,2021-07-28 03:32:04
687,Sibolga,ID,1.7427,98.7792,85.51,65,67,4.38,broken clouds,2021-07-28 03:31:25
688,Rongcheng,CN,30.634,117.8517,86.07,76,100,8.34,overcast clouds,2021-07-28 03:34:49
689,Hobyo,SO,5.3505,48.5268,76.75,77,99,19.42,overcast clouds,2021-07-28 03:34:49
690,Plyussa,RU,58.4308,29.3654,63.84,92,100,6.53,overcast clouds,2021-07-28 03:34:50
691,Joshimath,IN,30.5667,79.5667,78.08,83,97,4.68,moderate rain,2021-07-28 03:34:50
692,Ola,RU,59.5833,151.2833,57.83,68,100,1.7,overcast clouds,2021-07-28 03:34:50
693,Hwange,ZW,-18.3693,26.5019,48.96,71,0,3.18,clear sky,2021-07-28 03:34:51
694,Guia De Isora,ES,28.2115,-16.7795,67.15,78,10,6.33,clear sky,2021-07-28 03:34:51
695,Port Blair,IN,11.6667,92.75,82.87,82,100,19.91,overcast clouds,2021-07-28 03:30:37
696,Sorland,NO,67.667,12.6934,55.83,88,7,10.63,clear sky,2021-07-28 03:34:52
697,Bam,IR,29.106,58.357,86.61,12,100,17.22,overcast clouds,2021-07-28 03:31:42
698,Namtsy,RU,62.7161,129.6658,75.31,28,8,11.21,clear sky,2021-07-28 03:34:52
699,Balao,EC,-2.9167,-79.8167,72.5,90,91,3.2,overcast clouds,2021-07-28 03:34:52
700,Kaeo,NZ,-35.1,173.7833,63.32,74,95,6.71,overcast clouds,2021-07-28 03:34:53
701,Balaka,MW,-14.9793,34.9558,51.87,95,66,3.74,broken clouds,2021-07-28 03:34:53
702,Wanaka,NZ,-44.7,169.15,49.53,80,78,3.83,broken clouds,2021-07-28 03:34:29
703,Lewiston,US,44.1003,-70.2148,64.06,98,90,0.0,overcast clouds,2021-07-28 03:33:56
704,Tessalit,ML,20.1986,1.0114,85.75,46,75,11.72,broken clouds,2021-07-28 03:34:54
705,Okhotsk,RU,59.3833,143.3,62.67,79,57,13.09,broken clouds,2021-07-28 03:34:54
706,Kizukuri,JP,40.8061,140.3861,74.25,92,99,18.9,overcast clouds,2021-07-28 03:34:54
707,Tiarei,PF,-17.5333,-149.3333,78.82,69,64,6.91,broken clouds,2021-07-28 03:34:55
708,Chikola,RU,43.1906,43.9209,56.25,96,100,1.92,overcast clouds,2021-07-28 03:34:55
709,Birjand,IR,32.8663,59.2211,75.67,14,0,11.5,haze,2021-07-28 03:34:56
710,Harwich,GB,51.9419,1.2844,63.0,96,97,5.01,overcast clouds,2021-07-28 03:34:56
711,Rexburg,US,43.826,-111.7897,83.71,52,1,0.0,clear sky,2021-07-28 03:34:56
712,Flums,CH,47.0906,9.343,66.7,95,100,2.17,overcast clouds,2021-07-28 03:34:57
713,Warrington,GB,53.3925,-2.5802,61.02,92,40,7.0,scattered clouds,2021-07-28 03:34:57
714,Yar-Sale,RU,66.8333,70.8333,50.25,67,100,11.63,overcast clouds,2021-07-28 03:34:57
